fid,id,@id,access,access:roof,addr2:street,addr:city,addr:country,addr:district,addr:full,addr:housename,addr:housenumber,addr:place,addr:postcode,addr:province,addr:rt,addr:rw,addr:street,addr:subdistrict,addr:suburb,air_conditioning,alt_name,amenity,architect,backup_generator,barrier,branch,brand,brand:en,brand:ja,brand:wikidata,brand:wikipedia,building,building:condition,building:floor,building:levels,building:levels:underground,building:material,building:roof,building:structure,building:use,building:walls,capacity:persons,changing_table,check_date,check_date:opening_hours,contact:facebook,contact:instagram,contact:phone,description,ele,email,entrance,evacuation_center,fixme,flood_prone,height,industrial,int_name,internet_access,internet_access:fee,key,kitchen:facilities,landuse,layer,level,name,name:en,name:id,name:ja,name:ko,old_name,opening_hours,opening_hours:covid19,operator,operator:type,outdoor_seating,payment:alipay,payment:atome,payment:cash,payment:coins,payment:contactless,payment:credit_cards,payment:dana,payment:debit_cards,payment:gpn_debit,payment:gpn_qris,payment:gpn_qris:ovo,payment:jcb,payment:maestro,payment:mastercard,payment:mastercard_debit,payment:notes,payment:ovo,payment:qris,payment:shopeepay,payment:shopeepay:gpn_qris,payment:visa,payment:visa_contactless,payment:visa_debit,payment:visa_electron,phone,ref:vatin,roof:shape,shelter_type,shop,short_name,smoking,source,start_date,supermarket,toilet:facilities,toilets,toilets:access,toilets:number,toilets:wheelchair,type,water_source,website,wheelchair,wikidata,wikimedia_commons,wikipedia,wikipedia:en,year_of_construction,@geometry,good
1,relation/9165414,relation/9165414,,,,DKI Jakarta,,,,Istana Pasar Baru,58-64,,"12150",,,,Jalan Pintu Air Raya,,,,,,,,,,,,,,,yes,,,"3",,,,,,,,,,,,,,,,,,,,,,,,,,,,,"1",,Istana Pasar Baru,,,,,,,,PT. Parca Permata Istana Pasar Baru,,,,,,,,,,,,,,,,,,,,,,,,,,,+62 21 380 6511,,,,mall,,,,,,,,,,,multipolygon,,,,,,,,,center,Keterjangkauan Buruk
2,relation/17448024,relation/17448024,,,,DKI Jakarta,,,,Epiwalk Rasuna Epicentrum,,,"12940",,,,Jalan Hajjah R. Rasuna Said,Kuningan,,,,,,,,,,,,,,,,,,,,,,,,,,,,,,,,,,,,,,,,,,,,,retail,,,Epiwalk Rasuna Epicentrum,,,,,,,,PT. Bakrie Swasakti Utama,,,,,,,,,,,,,,,,,,,,,,,,,,,"+62 21 2994 1199, +62 21 2994 1198",,,,mall,,,HOT_InAWARESurvey_2017,,,,,,,,multipolygon,,,,,,,,,center,Keterjangkauan Baik
3,way/34334670,way/34334670,,,,DKI Jakarta,,,,WTC Mangga Dua,,,,,,,"Jl. Mangga Dua Raya No. 8, Jakarta Utara",,,,,,,,,,,,,,,retail,,,"15",,,,,,,,,,,,,,,,,,,,,,,,,,,,,,,WTC Mangga Dua,,,,,,,,PT. Marga Sadhya Swasti,,,,,,,,,,,,,,,,,,,,,,,,,,,"+62 21 3001 8888, +62 21 3001 8887",,,,mall,,,,2003-09-06,,,,,,,,,www.wtcm2.com,,,,,,,center,Keterjangkauan Baik
4,way/48036723,way/48036723,,,,DKI Jakarta,,,,Senayan City,,,,,,,"Jl. Asia Afrika Lot 19, Senayan Jakarta Pusat",,,,"Senci;Sencity;Sency;Sencit;Sen C",,,,,,,,,,,yes,,,"7","1",,,,,,,,,,,,,,,,,,,,,,,,,,,,,,Senayan City,,,,,,Mo-Su 10:00-22:00,,Agung Podomoro Land,,,,,,,,,,,,,,,,,,,,,,,,,,,"+62 21 7237 979, +62 21 7233 399",,,,mall,,,,2006-09-21,,,,,,,,,,,Q3074946,Category:Senayan City,en:Senayan City,Senayan City,,center,Keterjangkauan Baik
5,way/83489551,way/83489551,,,,Jakarta Selatan,,,,Pondok Indah Mall,,,"12310",,,,Jalan Pondok Indah Blok II-B Pondok Indah,,,yes,,,,,,,,,,,,yes,,,"8",,,,,,,,,,,,,,,,,,,,,,,,,,Pondok Indah Mal 1,,,"-1",,Pondok Indah Mall 1,,,,,,,,"PT. Metropolitan Kencana, Tbk",,,,,,,,,,,,,,,,,,,,,,,,,,,"+62 21 7506750;+62 21 7506969",,,,mall,,,,,,,,,,,,,,limited,,,,,,center,Keterjangkauan Baik
6,way/83489722,way/83489722,,,,South Jakarta,,,,,Blok III B,,"12310",,,,Jl. Metro Pondok Indah,,,yes,,,,,,,,,,,,retail,,,"4",,,,,,,,,,,,,,,,,,,,,,,,,,,,,"1",,Pondok Indah Mall 2,,,,폰독 인다 몰 2,,Mo-Su 10:00-22:00,,PT. Metropolitan Kentjana Tbk,,,,,,,,,,,,,,,,,,,,,,,,,,,+62 21 7506750,,,,mall,,,,,,,,,,,,,,limited,,,,,,center,Keterjangkauan Baik
7,way/97550317,way/97550317,,,,,,,,,"11",,"10310",,,,Jalan M.H. Thamrin,,,,,,,,,,,,,,,yes,,,"15",,,,,,,,,,,,,,,,,,,,,,,Sarinah Department Store,,,,,,,,Sarinah,,,,,,,,,,,,,,,,,,,,,,,,,,,,,,,,,,,,,,,mall,,,,"1967",,,,,,yes,,,,yes,Q12512232,Category:Sarinah,en:Sarinah,,,center,Keterjangkauan Baik
8,way/99362081,way/99362081,,,,Jakarta Utara,,,,Artha Gading Mall,"1",,"14240",,,,"Jalan Boulevard Artha Gading Selatan, Kelapa Gading",,,,,,,,,,,,,,,yes,,,"8",,,,,,,,,,,,,,,,,,,,,,,,,,,,,,,Artha Gading Mall,,,,,,Mo-Su 10:00-22:00,,PT. Swadaya Panduartha,,,,,,,,,,,,,,,,,,,,,,,,,,,"+62 21 4585 8180, +62 21 4585 8182",,,,mall,,,,,,,,,,,,,https://www.arthagading.com/,,,,,,,center,Keterjangkauan Baik
9,way/99362082,way/99362082,,,,,,,,,,,,,,,,,,,,,,,,,,,,,,yes,,,,,,,,,,,,,,,,,,,,,,,,,,,,,,,,,,Mall Artha Gading 3,,,,,,,,,,,,,,,,,,,,,,,,,,,,,,,,,,,,,,,mall,,,,,,,,,,,,,,,,,,,,center,Keterjangkauan Buruk
10,way/99491651,way/99491651,,yes,,DKI Jakarta,,,Jalan Yos Sudarso,ITC Cempaka Mas,Kav. 1,,"10640",,,,Jalan Letjen Suprapto,,,,,,,yes,,,,,,,,mall,good,ceramics,"13",,,concrete,steel_frame,commercial,concrete,>500,,,,,,,,,,,,,,,,,,,,,,"1",,ITC Cempaka Mas,Itc cempaka mas,,,,,,,PT. Duta Pertiwi Tbk,,,,,,,,,,,,,,,,,,,,,,,,,,,,,,,mall,,,,2003-01-26,,,,,,,,,,,,,,,,center,Keterjangkauan Baik
11,way/118879679,way/118879679,,no,,,,,Jalan Radin Inten II,Plaza Buaran,,,"13470",,,,Jl. Raden Inten II (Buaran Indah Raya),,,,,,,,,,,,,,,mall,good,ceramics,"3",,,concrete,confined_masonry,,glass,250-500,,,,,,,,,,,,,,,,,,,,,,,,Buaran Plaza,,,,,,,,PT. Tri Reka Handayani,,,,,,,,,,,,,,,,,,,,,,,,,,,"+62 21 86603438;+62 21 8660336",,,,mall,,,,2008-02-02,,,,,,,,,,no,,,,,,center,Keterjangkauan Baik
12,way/119425546,way/119425546,,yes,,DKI Jakarta,,Pasar Rebo,Jalan Raya Bogor,Mall Cijantung,,,"13770",,,,Jalan Pendidikan I,Cijantung,,,,,,yes,,,,,,,,retail,good,ceramics,"3",,,concrete,steel_frame,commercial,concrete,250-500,,,,,,,,,,,,,,,,,,,,,,,,Mall Graha Cijantung,,,,,,,,PT. Kobame Propertindo,,,,,,,,,,,,,,,,,,,,,,,,,,,"+62 21 87798888;+62 21 87793448",,,,mall,,,HOT_InAWARESurvey_2017,1998-04-17,,,,,,,,,,,Q64560714,Category:Mall Cijantung,,,,center,Keterjangkauan Baik
13,way/119451364,way/119451364,,,,DKI Jakarta,,,"Jalan Raya Bogor KM 19, Kramat Jati",Lippo Plaza Kramatjati,,,"13510",,,,Jalan Raya Bogor,,,yes,,,,,,,,,,,,yes,,,"5",,,concrete,reinforced_masonry,commercial,brick,,,,,,,+62 021 8095673,,,,,,,,,,,,,,,,,,Lippo Plaza Kramatjati,,,,,,Mo-Su 10:00-22:00,,PT. Lippo Karawaci Tbk,,,,,,,,,,,,,,,,,,,,,,,,,,,+62 021 8095558,,,,mall,,,,,,,,,,,,,,,Q12492501,,id:Lippo Plaza Kramat Jati,,,center,Keterjangkauan Baik
14,way/119451617,way/119451617,,,,Jakarta Timur,,Cililitan,,Pusat Grosir Cililitan,"76",,,DKI Jakarta,,,Jalan Mayor Jenderal Sutoyo,,,,,,,,,,,,,,,retail,,,"10",,,concrete,reinforced_masonry,commercial,brick,,,,,,,,,,,,,,,,,,,,,,,,,Pusat Grosir Cililitan,,,,,,,,PT. Prima Graha Citra,,,,,,,,,,,,,,,,,,,,,,,,,,,"+62 21 30016222;+62 21 3004754",,,,mall,,,,"2005",,,,,,,,,,,,,,,,center,Keterjangkauan Baik
15,way/119451739,way/119451739,,,,Jakarta Selatan,,,,Plaza Kalibata,,,,,,,Jalan Raya Kalibata,,,,,,,,,,,,,,,yes,,,"4",,,concrete,reinforced_masonry,commercial,brick,,,,,,,,,,,,,,,,,,,,,,,,,Plaza Kalibata,,,,,,,,PT. Tribandhawa Bina Sarana,,,,,,,,,,,,,,,,,,,,,,,,,,,"+62 21 7992017;+62 21 7970326",,,,mall,,,,,,,,,,,,,,,,,,,,center,Keterjangkauan Baik
16,way/119540859,way/119540859,,,,Jakarta Selatan,,,"Jl. Sultan Iskandar Muda, Gandaria",GANDARIA CITY,,,,,,,Jalan Sultan Iskandar Muda,,,yes,,,,,,,,,,,,yes,,,"5",,,concrete,reinforced_masonry,commercial,brick,,,2023/10/11,,,,,,,customercare@gandariacity.co.id,,,,,,,,,,,,,,,Gandaria City,,,,간다리아 시티,,Mo-Su 10:00-22:00,,Pakuwon Jati,,,,,,,,,,,,,,,,,,,,,,,,,,,"+62 21 7399 088, +62 21 7396 077",,,,mall,,,,2010-08-05,,,yes,,,,,,https://gandariacity.co.id/,limited,,,,,,center,Keterjangkauan Baik
17,way/119742886,way/119742886,,,,Jakarta Selatan,,,,Plaza Semanggi,Kav. 50,,"12930",DKI Jakarta,,,Jalan Jenderal Sudirman,,,yes,,,,,,,,,,,,yes,,,"7",,,concrete,reinforced_masonry,commercial,brick,,,,,,,,,"5",,,,,,,,,,,,,,,,Plaza Semanggi,,,,,,Mo-Su 10:00-22:00,,PT. Lippo Karawaci Tbk,,,,,,,,,,,,,,,,,,,,,,,,,,,"+62 21 5275 878, +62 21 2553 6408",,,,mall,,,,2004-03-13,,,,,,,,,www.theplazasemanggi.com,,Q19730953,,en:The Plaza Semanggi,,,center,Keterjangkauan Baik
18,way/119772912,way/119772912,,,,Jakarta Pusat,,,,Plaza Senayan,"8",,"10270",,,,Jalan Asia Afrika,,,,,,,,,,,,,,,yes,,,"3",,,concrete,reinforced_masonry,commercial,brick,,,,,,,,,,,,,,,"19.4",,,,,,,,,,Plaza Senayan,,,,플라자 스나얀,,Mo-Su 10:00-22:00,,PT. Senayan Trikarya Sempana,,,,,,,,,,,,,,,,,,,,,,,,,,,"+62 21 5725 555, +62 21 5725 008",,,,mall,,,,,,,yes,,,,,,https://plaza-senayan.com,,Q7203647,Category:Plaza Senayan,id:Plaza Senayan,Plaza Senayan,,center,Keterjangkauan Baik
19,way/119772917,way/119772917,,,,DKI Jakarta,,,,,Kav 9,,"10270",,,,Jalan Jend. Sudirman,,,,,,Kajima Corporation,,,,,,,,,yes,,,,,,concrete,reinforced_masonry,commercial,brick,,,,,,,,,,,,,,,,,,,,,,,,,Ratu Plaza,,,,,,,,,,,,,,,,,,,,,,,,,,,,,,,,,,,,,,,mall,,,,"1980",,,,,,,,,,,Q7296055,,en:Ratu Plaza,Ratu Plaza,,center,Keterjangkauan Baik
20,way/119772918,way/119772918,,,,Jakarta Pusat,,,,FX Sudirman,,,"10270",,,,Jalan Jendral Sudirman,,,,,,,,,,,,,,,yes,,,"9",,glass,concrete,reinforced_masonry,commercial,brick,,,,,,,,,,,,,,,,,,,,,,,,,FX Mall,,,,,,Mo-Su 10:00-22:00,,PT. Plaza Lifestyle Prima,,,,,,,,,,,,,,,,,,,,,,,,,,,"+62 21 3003 0888, +62 21 3003 0800",,,,mall,,,,"2008",,,,,,,,,https://www.fx.co.id/,yes,,,,,,center,Keterjangkauan Baik
21,way/119772927,way/119772927,,,,"RT.1/RW.3, Gelora, South Jakarta",,,,,No.1,,"10270",,,,Jl. Asia Afrika,,,,,,,,,,,,,,,yes,,,"7",,,concrete,reinforced_masonry,commercial,brick,,,,,,,,,,,,,,,,,,,,,,,,,STC Senayan,,,,,,"Mo-Su,PH 09:00-20:00",,,,,,,,,,,,,,,,,,,,,,,,,,,,,,,,,mall,,,,,,,yes,,,,,,,,,,,,,center,Keterjangkauan Baik
22,way/119773145,way/119773145,,,,South Jakarta,,,,,,,"10270",,,,"Jl. New Delhi - Pintu I Senayan, Tanah Abang",,,,,,,,,,,,,,,yes,,,,,,,,,,,,,,,,,,,,,,,,,,,,,,,,,,Plaza Senayan Arcadia,,,,,,,,,,,,,,,,,,,,,,,,,,,,,,,,,,,,,,,mall,,,,,,,,,,,,,https://www.plaza-senayan.com/arcadia/,,,,,,,center,Keterjangkauan Baik
23,way/119779743,way/119779743,,,,,,,,,,,,,,,,,,,,,,,,,,,,,,yes,,,,,,,,,,,,,,,,,,,,,,,,,,,,,,,,,,Cityplaza Jatinegara,,,,,,Mo-Su 10:00-22:00,,,,,,,,,,,,,,,,,,,,,,,,,,,,,,,,,mall,,,,,,,,,,,,,,,,,,,,center,Keterjangkauan Baik
24,way/119784336,way/119784336,,,,DKI Jakarta,,,,Plaza Kenari Mas,"101",,"10440",,,,Jalan Kramat Raya,,,,,,,,,,,,,,,yes,,,"9",,,concrete,reinforced_masonry,commercial,brick,,,,,,,,,,,,,,,,,,,,,,,,,Plaza Kenari Mas,,,,,,,,PT. Caturmas Karsaudara,,,,,,,,,,,,,,,,,,,,,,,,,,,"+62 21 3984 2777, +62 21 3150 642",,,,mall,,,,,,,,,,,,,www.plazakenarimas.com,,,,,,,center,Keterjangkauan Baik
25,way/119784539,way/119784539,,,,Jakarta Timur,,,,Plaza Atrium,"135",,"10410",,,,Jalan Senen Raya,,,,,,,,,,,,,,,yes,,,"6",,,concrete,reinforced_masonry,commercial,brick,,,,,,,,,,,,,,,,,,,,,,,,,Atrium Mall,,,,,,Mo-Su 09:30-21:30,,PT. Plaza Adika Lestari,,,,,,,,,,,,,,,,,,,,,,,,,,,"+62 21 385 3985;+62 21 385 6650",,,,mall,,,,1992-08-21,,,,,,,,,https://plazaatrium.com/,,,,,,,center,Keterjangkauan Baik
26,way/119901489,way/119901489,,yes,,Jakarta Timur,,Makasar,"Jalan Pondok Gede No. 15, Kelurahan Pinang Ranti, Kecamatan Makasar, Jakarta Timur 13650",Tamini Square,"15",,"13650",DKI Jakarta,,,Jalan Pondok Gede,Pinang Ranti,,yes,,,,yes,,,,,,,,retail,good,ceramics,"5",,,concrete,confined_masonry,commercial,concrete,>500,,,,,,,,,,,,,,,,,,,,,,,,Tamini Square,,,,,,Mo-Su 10:00-22:00,,Lippo Group,,,,,,,,,,,,,,,,,,,,,,,,,,,"+62 21 87785888;+62 21 87785999",,,,mall,,,,2006-07-29,,,,,,,,,,,,,,,,center,Keterjangkauan Baik
27,way/120827484,way/120827484,,,,Central Jakarta,,,,,"121",,"10220",,,,Jalan KH. Mas Mansyur,,,,,,,,,,,,,,,retail,,,"5",,,concrete,confined_masonry,commercial,brick,,,,,,,,,,,,,,,"30.3",,,,,,,,,,CityWalk Sudirman,,,,,,,,,,,,,,,,,,,,,,,,,,,,,,,,,,,,,,,mall,,,,,,,,,,no,,,http://www.citywalksudirman.com/,yes,,,,,,center,Keterjangkauan Buruk
28,way/120908549,way/120908549,,,,Jakarta Pusat,,,,Jakarta Design Center,Kav. 53,,"10260",,,,"Jl. Gatot Subroto, Slipi",,,,,,,,,,,,,,,yes,,,"8",,,concrete,reinforced_masonry,commercial,brick,,,,,,,,,,,,,,,,,,,,,,,,,Jakarta Design Center,,JDC,,,,"Mo-Su,PH 10:00-22:00",,PT. Cipta Paramula Sejati,,,,,,,,,,,,,,,,,,,,,,,,,,,"+62 21 5495 130, +62 21 5495 116",,,,mall,,,,1990-04-16,,,yes,,,,,,https://www.j-d-c.com/,yes,,,,,,center,Keterjangkauan Baik
29,way/120911811,way/120911811,,,,West Jakarta,,,,,No.Kav 17-18,,"11480",,,,Jalan Letjen. S. Parman,,,,,,,,,,,,,,,yes,,,"5",,,concrete,reinforced_masonry,commercial,brick,,,,,,,,,,,,,,,,,,,,,,,,,Plaza Slipi Jaya,,,,,,"Mo-Su,PH 10:00-22:00",,,,,,,,,,,,,,,,,,,,,,,,,,,,,,,,,mall,,,,,,,,,,,,,,,,,,,,center,Keterjangkauan Baik
30,way/121129218,way/121129218,,,,Jakarta Selatan,,Setiabudi,,,"62",,,DKI Jakarta,,,Jalan Hajjah R. Rasuna Said,,,,,,,,,,,,,,,yes,,,"5",,,concrete,confined_masonry,commercial,brick,,,,,,,,,,,,,,,,,,,,,,,,,Setiabudi One,,,,,,Mo-Su 08:00-22:00,,Jakarta Setiabudi Internasional,,,,,yes,,,yes,,yes,,,,,,,,,,yes,,,,,,,+62 21 522 0568,,,,mall,,,,"1978",,,,,,,,,,,,,,,,center,Keterjangkauan Baik
31,way/121158386,way/121158386,,,,DKI Jakarta,,,,ITC Kuningan,,,"12940",,,,Jalan Prof. Dr. Satrio,,,,,,,,,,,,,,,yes,,,"6",,,concrete,confined_masonry,commercial,brick,,,,,,,+62 021 57933877,,,,,,,,,,,,,,,,,,ITC Kuningan,,,,,,,,PT. Perwita Margasakti,,,,,,,,,,,,,,,,,,,,,,,,,,,+62 021 57933888,,,,mall,,,,"2004",,,,,,,,,,,,,,,,center,Keterjangkauan Baik
32,way/121158396,way/121158396,,,,DKI Jakarta,,,,Mall Ambasador,,,"12940",,,,Jalan Prof. Dr. Satrio,,,,,,,,,,,,,,,yes,,,"6",,,concrete,confined_masonry,commercial,brick,,,,,,,,,,,,,,,,,,,,,,,,,Mall Ambasador,,,,,,,,PT. Perwita Margasakti,,,,,,,,,,,,,,,,,,,,,,,,,,,"+62 21 5766 688, +62 21 5762 828",,,,mall,,,,"1990",,,,,,,,,,,,,,,,center,Keterjangkauan Baik
33,way/121261411,way/121261411,,,,Jakarta Selatan,,,,Cilandak Town Square,Kav. 17,,"12430",,,,"Jalan TB Simatupang, Cilandak Barat",,,,,,,,,,,,,,,yes,,,"4",,,concrete,confined_masonry,commercial,brick,,,,,,,,,,,,,,,,,,,,,,,,,Citos / Cilandak Town Square,,,,,,,,PT. Graha Megaria Raya,,,,,,,,,,,,,,,,,,,,,,,,,,,"+62 21 7592 0222, +62 21 7592 0210",,,,mall,,,,,,,,,,,,,https://www.townsquare.co.id/,,,,,,,center,Keterjangkauan Buruk
34,way/121370647,way/121370647,,,,East Jakarta,,,,Poins Square,"1",,"12440",,,,"Jalan R.A Kartini Simatupang, Lebak Bulus",,,,,,,,,,,,,,,yes,,,"23",,,concrete,confined_masonry,commercial,brick,,,,,,,,,,,,,,,,,,,,,,,,,Poins Square,,,,,,,,PT. Menara Prambanan,,,,,,,,,,,,,,,,,,,,,,,,,,,+62 21 7691 018,,,,mall,,,,"2007",,,,,,,,,www.poinsquare.com,,,,,,,center,Keterjangkauan Baik
35,way/121551453,way/121551453,,,,DKI Jakarta,,,,Golden Truly,No.59,,"10610",,,,Jalan Gunung Sahari,,,,,,,,,,,,,,,yes,,,"5",,,asbestos,reinforced_masonry,commercial,brick,,,,,,,,,,,,,,,,,,,,,,,,,Mall Golden Truly,,,,,,,,PT. Golden Retailindo,,,,,,,,,,,,,,,,,,,,,,,,,,,"+62 21 421 6989, +62 21 421 2951",,,,mall,,,,,,,,,,,,,,,,,,,,center,Keterjangkauan Baik
36,way/121551455,way/121551455,,,,Jakarta Pusat,,,,ITC Mangga Dua,,,"14430",,,,Jalan Mangga Dua Raya,,,,,,,,,,,,,,,yes,,,"5",,,concrete,confined_masonry,commercial,brick,,,,,,,,,,,,,,,,,,,,,,,,,ITC Mangga Dua,,,,,,,,PT. Jakarta Sinar Intertrade,,,,,,,,,,,,,,,,,,,,,,,,,,,"+62 21 601 7771, +62 21 601 7036",,,,mall,,,,,,,,,,,,,,,,,,,,center,Keterjangkauan Baik
37,way/121706055,way/121706055,,,,,,,,,,,"10230",,,,Jl. K.H. Mas Mansyur,,,,,,,,,,,,,,,yes,,,"11",,,concrete,confined_masonry,commercial,brick,,,,,,,,,,,,,,,,,,,,,,,,,Thamrin City,,,,,,,,Agung Podomoro Land,,,,,,,,,,,,,,,,,,,,,,,,,,,"+62 21 3900 988, +62 21 3917 879",,,,mall,,,,"2008",,,,,,,,,,,,,,,,center,Keterjangkauan Baik
38,way/121706061,way/121706061,,,,,,,,,,,,,,,,,,,,,,,,,Metro,,,Q13610282,en:Metro Cash and Carry,yes,,,"4",,,concrete,confined_masonry,commercial,brick,,,,,,,,,,,,,,,,,,,,,,,,,Metro,,,,,,,,,,,,,,,,,,,,,,,,,,,,,,,,,,,,,,,wholesale,,,,,,,,,,,,,,,,,,,,center,Keterjangkauan Buruk
39,way/121716529,way/121716529,,,,Jakarta Pusat,,,,ITC Roxy Mas,"125",,,,,,"Jalan KH. Hasyim Hashari B, Roxy",,,,,,,,,,,,,,,yes,,,"10",,,concrete,confined_masonry,commercial,brick,,,,,,,,,,,,,,,,,,,,,,,,,ITC Roxy Mas,,,,,,,,,,,,,,,,,,,,,,,,,,,,,,,,,,,"+62 21 6305 001, +62 21 6305 002",,,,mall,,,,"1992",,,,,,,,,,,Q5974722,Category:ITC Roxy Mas,en:ITC Roxy Mas,ITC Roxy Mas,,center,Keterjangkauan Buruk
40,way/121827997,way/121827997,,no,,,,,,,,,,,,,,,,,,,,yes,,,,,,,,mall,good,ceramics,"4",,,concrete,confined_masonry,commercial,brick,lebih dari 500,,,,,,,,,,,,,,,,,,,,,,,,Metro Sunter Plaza,,,,,,,,,,,,,,,,,,,,,,,,,,,,,,,,,,,,,,,mall,,,,,,,,,,,,,,,,,,,,center,Keterjangkauan Baik
41,way/121870309,way/121870309,,no,,,,,Jalan Bulungan,Plaza Blok M,"76",,"12130",,,,"Jalan Bulungan, Kebayoran baru",,,,,,,yes,,,,,,,,retail,good,ceramics,"11",,,tin,confined_masonry,,glass,>500,,,,,,,,,,,,,,,,,,,,,,,,Plaza Blok M,,,,,,Mo-Su 10:00-22:00,,Pakuwon Jati,,,,,,,,,,,,,,,,,,,,,,,,,,,"+62 21 7209 288, +62 21 7209 141",,,,mall,,,,1991-05-30,,,,,,,,,https://www.pakuwon.com/,,,,,,,center,Keterjangkauan Baik
42,way/121919489,way/121919489,,,,Jakarta Utara,,,,Mall of Indonesia,,,"14240",,,,Jl. Raya Boulevard Barat Kelapa Gading Square,,,yes,,,,,,,,,,,,retail,,,"8",,,concrete,confined_masonry,commercial,brick,,,,,,,,,,,,,,,,,,,,,,,"1",,Mall of Indonesia,,,,,,Mo-Su 10:00-22:00,,Agung Sedayu Group,,,,,,,,,,,,,,,,,,,,,,,,,,,"+62 21 5486 7888, +62 21 4586 7889",,,,mall,,,,2008-09-01,,,,,,,,,https://mallofindonesia.com/,,Q6743994,,en:Mall of Indonesia,,,center,Keterjangkauan Buruk
43,way/121919510,way/121919510,,,,,,,,,,,,,,,,,,,,,,,,,,,,,,commercial,,,"4",,,asbestos,confined_masonry,commercial,brick,,,,,,,,,,,,,,,,,,,,,,,,,Kelapa Gading Trade Center,,,,,,,,,,,,,,,,,,,,,,,,,,,,,,,,,,,,,,,mall,,,,,,,,,,,,,,,,,,,,center,Keterjangkauan Buruk
44,way/121986296,way/121986296,,,,Jakarta Barat,,,,Lindeteves Trade Center,"127",,"11180",,,,Jalan Hayam Wuruk,,,,,,,,,,,,,,,yes,,,"13",,,concrete,confined_masonry,commercial,brick,,,,,,,,,,,,yes,,,,,,,,,,,,,Lindeteves Trade Center,,,,,,,,PT. Citra Gemilang Nusantara,,,,,,,,,,,,,,,,,,,,,,,,,,,"+62 21 6231 7000, +62 21 6231 7001",,,,mall,,,,,,yes,,,,,,,https://www.ltc-glodok.com/,,,,,,,center,Keterjangkauan Baik
45,way/121986316,way/121986316,,,,Jakarta Pusat,,,,Plaza Glodok,,,"11180",,,,Jalan Pinangsia Raya,,,,,,,,,,,,,,,yes,,,"9",,,asbestos,confined_masonry,commercial,brick,,,,,,,+62 021 6590628,,,,,,,,,,,,,,,,,,Glodok Plaza,,,,,,,,PT. TCP Internusa,,,,,,,,,,,,,,,,,,,,,,,,,,,+62 021 6280888,,,,mall,,,,2002-04-17,,,,,,,,,,,,,,,,center,Keterjangkauan Baik
46,way/121986319,way/121986319,,,,,,,,,,,,,,,,,,,,,,,,,,,,,,yes,,,"4",,,asbestos,confined_masonry,commercial,brick,,,,,,,,,,,,,,,,,,,,,,,,,Plaza Orion,,,,,,,,,,,,,,,,,,,,,,,,,,,,,,,,,,,,,,,department_store,,,,,,,,,,,,,,,,,,,,center,Keterjangkauan Baik
47,way/122152128,way/122152128,,,,"Kuningan Barat, Mampang Prapatan,",,,,,,,"12720",,,,Jalan Jendral Gatot Subroto No.42,,,,,,,,,,,,,,,yes,,,"11",,,concrete,confined_masonry,commercial,brick,,,,,,,,,,,,,,,,,,,,,,,,,City Plaza,,,,,,,,,,,,,,,,,,,,,,,,,,,,,,,,,,,,,,,mall,,,,,,,,,,,,,,,,,,,,center,Keterjangkauan Baik
48,way/123317411,way/123317411,,no,,DKI Jakarta,,,Jalan Teratai Putih Raya,,,,,,,,,,,,,,,,,,,,,,,supermarket,good,ceramics,"3",,,concrete,confined_masonry,,brick,>500,,,,,,,,,,,,,,,,,,,,,,,,Ramayana,,,,,,,,,,,,,,,,,,,,,,,,,,,,,,,,,,,,,,,department_store,,,HOT_InAWARESurvey_2017,,,,,,,,,,,,,,,,,center,Keterjangkauan Buruk
49,way/125583159,way/125583159,,no,,,,,,Pacific Place,Kav 52-53,,"12190",,,,Jl. Jend. Sudirman,,,,One Pacific Place,,,yes,,,,,,,,retail,good,ceramics,"8",,,tin,confined_masonry,,glass,>500,,,,,,,,,,,,,,,,,,,,,,,,Pacific Place Mall,,,,퍼시픽 플레이스 몰,,,,PT. Pacific Place Jakarta,,,,,,,,,,,,,,,,,,,,,,,,,,,"+62 21 515 2299, +62 21 514 0098 8",,,,mall,,,,2007-10-22,,,,,,,,,https://www.pacificplace.co.id/,,Q7122628,Category:Pacific Place Jakarta,en:Pacific Place Jakarta,Pacific Place Jakarta,,center,Keterjangkauan Baik
50,way/125585295,way/125585295,,,,Jakarta Selatan,,,,Plaza Festival,Kav. C-22,,"12920",,,,Jalan Hajjah R. Rasuna Said,,,,,,,,,,,,,,,yes,,,"2",,,,,,,,,,,,,,,,,,,,,,,,,,,,,,,Plaza Festival,,,,,,,,PT. Bakrie Pesona Rasuna,,,,,,,,,,,,,,,,,,,,,,,,,,,"+62 21 526 3212, +62 21 526 3144",,,,mall,,,,1994-09-01,,,,,,,,,,,,,,,,center,Keterjangkauan Baik
51,way/153751746,way/153751746,,,,DKI Jakarta,,,,PX Pavilion,,,,,,,Jalan Puri Indah Boulevard Blok VI Puri Indah Jakarta Barat,,,,,,,,,,,,,,,yes,,,"6",,,,,,,,,,,,,,,,,,,,,,,,,,,,,,,PX Pavilion,,,,,,,,PT. Mandiri Cipta Gemilang,,,,,,,,,,,,,,,,,,,,,,,,,,,"+62 21 5577 777, +62 21 5835 8605",,,,mall,,,,,,,,,,,,,,,,,,,,center,Keterjangkauan Buruk
52,way/154825738,way/154825738,,,,North Jakarta,,,,,,,"14320",,,,Laks. Yos Sudarso,,,,,,,,,,,,,,,yes,,,,,,,,,,,,,,,,,,,,,,,,,,,,,,,,,,Ramayana Plaza Koja,,,,,,,,,,,,,,,,,,,,,,,,,,,,,,,,,,,,,,,mall,,,,,,,,,,,,,,,,,,,,center,Keterjangkauan Baik
53,way/154839201,way/154839201,,,,,,,,,,,,,,,,,,,,,,,,,,,,,,,,,,,,,,,,,,,,,,,,,,,,,,,,,,,,,,,,KOJA TRADE MALL,,,,,,24/7,,SWASTA,,,,,,,,,,,,,,,,,,,,,,,,,,,,,,,mall,,,,,,,,,,,,,,,,,,,,center,Keterjangkauan Buruk
54,way/155106587,way/155106587,,,,,,,,,,,,,,,,,,,,,,,,,,,,,,yes,,,,,,,,,,,,,,,,,,,,,,,,,,,,,,,,,,Pasar Baru Square,,,,,,,,,,,,,,,,,,,,,,,,,,,,,,,,,,,,,,,department_store,,,,,,,,,,,,,,,,,,,,center,Keterjangkauan Baik
55,way/155110696,way/155110696,,,,Central Jakarta,,,,Harco Pasar Baru,RT.5/RW.8,,"10710",,,,"Jl. Kh Samanhudi, Ps. Baru, Sawah Besar",,,,,,,,,,,,,,,yes,,,"4",,,,,,,,,,,,,,,,,,,,,,,,,,,,,,,Harco Pasar Baru,,,,,,,,PT. Harco Indah,,,,,,,,,,,,,,,,,,,,,,,,,,,"+62 21 380 4151, +62 21 380 4151",,,,mall,,,,,,,,,,,,,,,,,,,,center,Keterjangkauan Buruk
56,way/155116043,way/155116043,,,,Jakarta Barat,,,,Mal Mangga Dua,,,"10730",,,,Jl. Arteri Mangga Dua Raya,,,,,,,,,,,,,,,yes,,,,,,,,,,,,,,,,,,,,,,,,,,,,,,,,,,Mal Mangga Dua,,,,,,,,PT. Jakarta Sinar Intertrade,,,,,,,,,,,,,,,,,,,,,,,,,,,"+62 21 6126 000, +62 21 6126 010",,,,mall,,,,,,,,,,,,,www.manggaduamall.com,,,,,,,center,Keterjangkauan Baik
57,way/155253938,way/155253938,,,,"Taman Sari, West Jakarata",,,,,"No.81, RT.6/RW.2",,"11170",,,,Jl. Mangga Besar Raya,,,,,,,,,,,,,,,yes,,,,,,,,,,,,,,,,,,,,,,,,,,,,,,,,,,Lokasari Square,,,,,,,,,,,,,,,,,,,,,,,,,,,,,,,,,,,,,,,mall,,,,,,,,,,,,,,,,,,,,center,Keterjangkauan Buruk
58,way/155954026,way/155954026,,no,,DKI Jakarta,,,"Jalan Raya Bekasi, Km 21 Pulo Gadung",Pulogadung Trade Center,Km 21,,"13920",,,,Jalan Bekasi Raya,,,,,,,no,,,,,,,,retail,good,ceramics,"3",,,asbestos,confined_masonry,,glass,>500,,,,,,,,,,,,,,,,,,,,,,,,Pulogadung Trade Center,,,,,,,,PT. Nagaraja Lestari,,,,,,,,,,,,,,,,,,,,,,,,,,,"+62 21 460 0387;+62 21 4605117",,,,mall,,,survey,2004-09-03,,,,,,,,,https://www.pulogadungtradecentre.com/,,,,,,,center,Keterjangkauan Baik
59,way/155955655,way/155955655,,,,,,,Jalan Raya Kalimalang,,,,,,,,,,,,,,,,,,,,,,,commercial,,,,,,,,,,,,,,,,,,,,,,,,,,,,,,,,,,Cipinang Indah Mall,,,,,,,,,,,,,,,,,,,,,,,,,,,,,,,,,,,,,,,mall,,,,,,,,,,,,,,no,,,,,,center,Keterjangkauan Buruk
60,way/155956221,way/155956221,,yes,,DKI Jakarta,,,Jalan Pegambiran,,,,,,,,,,,,,,,yes,,,,,,,,commercial,good,ceramics,"4",,,concrete,confined_masonry,,concrete,250-500,,,,,,,,,,,,,,,,,,,,,,,,Rawamangun Square,,,,,,,,,,,,,,,,,,,,,,,,,,,,,,,,,,,,,,,mall,,,adi_a12,,,,,,,,,,,,,,,,,center,Keterjangkauan Baik
61,way/155961326,way/155961326,,,,DKI Jakarta,,,,,KM 19 No. 24,,"13910",,,,Bekasi Raya,,,,,,,,,,,,,,,commercial,,,,,,,,,,,,,,,,,,,,,,,,,,,,,,,,,,Lulu Hypermarket & Department Store,,,,,,Tu-Su 09:00-22:00,,,,,,,,,,,,,,,,,,,,,,,,,,,,,,,,,department_store,,,,,,,,,,,,,,yes,,,,,,center,Keterjangkauan Baik
62,way/156270949,way/156270949,,no,,DKI Jakarta,,,Jalan Taman Pluit Kencana Dalam,,,,,,,,,,,,,marketplace,,no,,,,,,,,marketplace,good,ceramics,"4",,,asbestos,confined_masonry,,brick,>500,,,,,,,,,,,yes,,no,,,,,,,yes,,,,Pasar Pluit,,,,,,,,,,,,,,,,,,,,,,,,,,,,,,,,,,,,,,building,department_store,,,HOT_InAWARESurvey_2017,,,yes,,,"2",,,water_works,,,,,,,,center,Keterjangkauan Baik
63,way/156270958,way/156270958,,yes,,,,,Jalan Pluit Selatan Raya,,,,,,,,,,,,,mall,,yes,,,,,,,,retail,good,ceramics,"5",,,concrete,confined_masonry,,brick,>500,,,,,,,,,,,yes,,no,,,,,,,no,,,,Pluit Junction,,,,,,,,,,,,,,,,,,,,,,,,,,,,,,,,,,,,,,tent,mall,,,,,,yes,,,,,,water_works,,,,,,,,center,Keterjangkauan Baik
64,way/156915168,way/156915168,,,,,,,,,,,,,,,,,,,,,,,,,,,,,,,,,,,,,,,,,,,,,,,,,,,,,,,,,,,,,,,,Pasar Darurat,,,,,,,,,,,,,,,,,,,,,,,,,,,,,,,,,,,,,,,department_store,,,,,,,,,,,,,,,,,,,,center,Keterjangkauan Baik
65,way/156915181,way/156915181,,,,,,,,,,,,,,,,,,,,,,,,,,,,,,,,,,,,,,,,,,,,,,,,,,,,,,,,,,,,,,,,Pasar Darurat,,,,,,,,,,,,,,,,,,,,,,,,,,,,,,,,,,,,,,,department_store,,,,,,,,,,,,,,,,,,,,center,Keterjangkauan Buruk
66,way/156922051,way/156922051,,,,Jakarta Barat,,,,Mall Ciputra,,,"11470",,,,Jalan Letjen S Parman,,,,,,,,,,,,,,,yes,,,"9",,,,,,,,,,,,,,,,,,,,,,,,,,,,,,,Mal Ciputra Jakarta (Citraland),,,,,,,,PT. Ciputra Sentra,,,,,,,,,,,,,,,,,,,,,,,,,,,"+62 21 5662 121, +62 21 5662 255",,,,mall,,,,1993-02-26,,,,,,,,,http://www.ciputramall.com,yes,,,,,,center,Keterjangkauan Baik
67,way/156924651,way/156924651,,yes,,Jakarta Barat,,,,,Kav. 21,,"11470",,,,Jalan Letjen. S. Parman,,,yes,,,,,,,,,,,,commercial,,,"7",,,tile,reinforced_masonry,,brick,,,2023/10/11,,,,,,,,,,,,,,,wlan,no,,,,,,Mall Taman Anggrek,,,,,,Mo-Su 10:00-22:00,,PT. Mulia Intipelangi,,,,,,,,,,,,,,,,,,,,,,,,,,,"+62 21 5643 777, +62 21 5634 111",,,,mall,,,,1996-08-28,,,,,,,,,https://www.taman-anggrek-mall.com/,limited,,,,,,center,Keterjangkauan Baik
68,way/156926492,way/156926492,,,,,,,,,,,,,,,,,,,,,,,,,,,,,,,,,,,,,,,,,,,,,,,,,,,,,,,,,,,,,,,,pasar inpres timbul,,,,,,"Tu-Su 08:00-15:00; Sa 08:00-12:00",,,,,,,,,,,,,,,,,,,,,,,,,,,,,,,,,department_store,,,,,,,,,,,,,,,,,,,,center,Keterjangkauan Baik
69,way/157348300,way/157348300,,no,,South Jakarta,,,,,"39",,"12510",,,,Jalan Warung Jati Barat,,,yes,,,,yes,,,,,,,,yes,good,ceramics,"6",,,tin,confined_masonry,,glass,>500,,,,,,,,"4",,,,,,,,,,,,,,,,The Park,,,,,Pejaten Village Mall,Mo-Su 10:00-22:00,,NWP Retail,,,,,,,,,,,,,,,,,,,,,,,,,,,"+62 21 7822 611, +62 21 7824 822",,,,mall,,,HOT_InAWARESurvey_2017,2008-12-19,,,,,,,,,,,,,,,,center,Keterjangkauan Baik
70,way/157357111,way/157357111,,,,,,,,,,,,,,,,,,,,,,,,,,,,,,,,,,,,,,,,,,,,,,,,,,,,,,,,,,,,,,,,Fortuna Swalayan,,,,,,"08:00-21:00",,,,,,,,,,,,,,,,,,,,,,,,,,,,,,,,,department_store,,,,,,,,,,,,,,,,,,,,center,Keterjangkauan Buruk
71,way/157359258,way/157359258,,,,Jakarta Selatan,,,,Plaza Mebel,Kav. 5,,"12420",,,,Jalan Rs. Fatmawati,,,,,,,,,,,,,,,yes,,,"5",,,,,,,,,,,,,,,,,,,,,,,,,,,,,,,Plaza Mebel,,,,,,,,PT. Farpoint Pratama,,,,,,,,,,,,,,,,,,,,,,,,,,,"+62 21 7506 370, +62 21 7506 450",,,,mall,,,,,,,,,,,,,,,,,,,,center,Keterjangkauan Buruk
72,way/157360113,way/157360113,,,,DKI Jakarta,,,Jalan Sultan Agung No. 1,,,,"12850",,,,,,,,,,,,,,,,,,,mall,good,ceramics,"5",,,concrete,confined_masonry,,brick,250-500,,,,,,,,,,,,"Opening hours missing, tenant nodes are urgently needed! (jam buka kosong, node tenant diperlukan!)",,,,,,,,,,,,Pasar Raya Manggarai,,,,,,,,,,,,,,,,,,,,,,,,,,,,,,,,,,,,,,,mall,,,HOT_InAWARESurvey_2017,,,,,,,,,,,,,,,,,center,Keterjangkauan Baik
73,way/157361852,way/157361852,,,,Jakarta,,,,Grand ITC Permata Hijau,,,"12210",,,,Jalan Letnan Jenderal Soepeno,,,,,,,,,,,,,,,yes,,,"6",,,,,,,,,,,,,,,,,,,,,,,,,,,,,,,Grand ITC Permata Hijau,,,,,,Mo-Su 08:30-22:00,,PT. Matra Olah Cipta,,,,,,,,,,,,,,,,,,,,,,,,,,,"+62 21 5366 3888, +62 21 5366 3497",,,,mall,,,Bing,2004-17-09,,,,,,,,,,,,,,,,center,Keterjangkauan Buruk
74,way/157362676,way/157362676,,no,,Jakarta Selatan,,,Jalan Tebet Barat IX,,57-59,,"12810",,,,Tebet Barat Dalam Raya,,,,,marketplace,,no,,,,,,,,marketplace,poor,ceramics,"3",,,tin,confined_masonry,,concrete,250-500,,,,,,,,,,,,,,,,,,,,,,,,Pasar Tebet Barat,,,,,,Mo-Su 06:00-18:00,,PD. Pasar Jaya,,,,,,,,,,,,,,,,,,,,,,,,,,,,,,,department_store,,,"HOT_InAWARESurvey_2017;local knowledge",,,,,,,,,,,,,,,,,center,Keterjangkauan Baik
75,way/157365899,way/157365899,,yes,,DKI Jakarta,,,Jalan Raya Ragunan,,,,,,,,,,,,,,,yes,,,,,,,,commercial,good,ceramics,"4",,,concrete,confined_masonry,,brick,>500,,,,,,,,,,,,,,,factory,,,,,,,,,Ramayana Pasar Minggu,,,,,,,,,,,,,,,,,,,,,,,,,,,,,,,,,,,,,,,department_store,,,HOT_InAWARESurvey_2017,,,,,,,,,,,,,,,,,center,Keterjangkauan Baik
77,way/176433009,way/176433009,,,,Jakarta Selatan,,,,Kota Kasablanka,Kavling 88,,"12870",,,,Jalan Casablanca Raya,,,,,,,,,,,,,,,commercial,,,"5","3",,,,,,,,,,,,,,,,,,,,,,,,,,,,,,Kota Kasablanka,,,,,,Mo-Su 10:00-22:00,,Pakuwon Jati,,,,,,,,,,,,,,,,,,,,,,,,,,,"+62 21 8370 9888, +62 21 8370 6888",,,,mall,,,,,,,,,,,,,https://www.pakuwon.com/,yes,,,,,,center,Keterjangkauan Baik
78,way/215103532,way/215103532,,no,,DKI Jakarta,,,,,,,"12560",,,,"Jalan Raya Cilandak KKO, Cilandak Timur",,,,,,,yes,,,,,,,,mall,good,ceramics,"4",,,tin,confined_masonry,,glass,>500,,,,,,,,,,,,,,,,,,,,,,,,Transmart Carrefour,,,,,,,,PT. Karya Tumbuh Bersama Indo,,,,,,,,,,,,,,,,,,,,,,,,,,,"+62 21 7884 0111, +62 21 7884 0113",,,,mall,,,HOT_InAWARESurvey_2017,2001-12-01,,,,,,,,,,,,,,,,center,Keterjangkauan Baik
79,way/228763259,way/228763259,,,,DKI Jakarta,,,,Kuningan City,Kav. 18,,,,,,"Jl. Prof. Dr. Satrio, Kuningan",,,,,,,,,,,,,,,commercial,,,"10",,,,,,,,,,,,,,,,,,,,,,,,,,,,,,,Kuningan City,,,,,,,,PT. Sejahtera Kelola Abadi,,,,,,,,,,,,,,,,,,,,,,,,,,,"+62 21 5790 5555, +62 21 5795 0906",,,,mall,,,,"2013",,,,,,,,,,,,,,,,center,Keterjangkauan Baik
80,way/263303987,way/263303987,,yes,,,,,Jalan Danau Sunter Utara,Sunter Mall,,,"14350",,,,Jl. Danau Sunter Utara Blok G7 Kav. II Jakarta Timur 14350,,,,,,,yes,,,,,,,,retail,good,ceramics,"3",,,concrete,confined_masonry,,concrete,>500,,,,,,,,,,,,,,,,,,,,,,"1",,Sunter Mall,,,,,,"PH,Mo-Su 10:00-22:00",,PT. Siola Sandimas,,,,,,,,,,,,,,,,,,,,,,,,,,,"+62 21 6583 2000, +62 21 6583 3000",,,,mall,,,,1995-02-19,,,yes,,,,,,,,,,,,,center,Keterjangkauan Baik
81,way/277664694,way/277664694,,no,,West Jakarta,,,Jalan Letjen S Parman,Central Park Mall,Kav.28,,"11470",,,,Letjen S Parman,,,yes,,,,yes,,,,,,,,yes,good,ceramics,"10",,,concrete,confined_masonry,,concrete,>500,,,,,,,,"6",,,,,,,,,,,,,,,,Central Park Mall,,,,,,Mo-Su 10:00-22:00,,Agung Podomoro Land,private,,,,,,,,,,,,,,,,,,,,,,,,,,"+62 21 5698 8888, +62 21 5698 5100",,,,mall,,,,2009-09-09,,,,,,yes,,,https://www.centralparkjakarta.com/,limited,,,,,,center,Keterjangkauan Baik
82,way/289968458,way/289968458,,no,,,,,Jalan Raya Ragunan,,,,,,,,,,,,,,,no,,,,,,,,commercial,good,ceramics,"3",,,tin,confined_masonry,,brick,100-250,,,,,,,,,,,,,,,,,,,,,,,,Borobudur Departmen Store,,,,,,,,,,,,,,,,,,,,,,,,,,,,,,,,,,,,,,,department_store,,,,,,,,,,,,,,,,,,,,center,Keterjangkauan Baik
83,way/293807197,way/293807197,,,,Jakarta Pusat,ID,Menteng,,,"78",,"10330",DKI Jakarta,,,Jalan HOS Cokroaminoto,,,,,,,,,,,,,,,commercial,,,,,,,,,,,no,,,,,,,,,,,,,,,,,,,,,,,Menteng Central,,,,,,,,,,,,,,,,,,,,,,,,,,,,,,,,,,,,,,,mall,,,,,,,yes,customers,,yes,,,,yes,,,,,,center,Keterjangkauan Baik
85,way/334801956,way/334801956,,,,,,,,,,,,,,,Jalan Lingkar Luar,,,,,,,,,,,,,,,yes,,,"3",,,,,,,,,,,,,,,,,,no,,yes,,,,,,,,,,,Ciplaz Cengkareng,,,,,,Mo-Su 10:00-22:00,,,,,,,,,,,,,,,,,,,,,,,,,,,,,,,,,mall,,,,,,,,,,,,,,,,,,,,center,Keterjangkauan Baik
87,way/343470919,way/343470919,,,,Jakarta Barat DKI Jakarta,,,,Mall Taman Palem,,,"11730",,,,"Jalan Kamal Raya Outer Ring Road, Cengkareng",,,,,,,,,,,,,,,yes,,,"7",,,,,,,,,,,,,,,,,,,,,,,,,,,,,,,Mall Taman Palem,,,,,,,,PT. Bangun Cipta Karya Perkasa,,,,,,,,,,,,,,,,,,,,,,,,,,,"+62 21 5435 2000, +62 21 5435 2001",,,,mall,,,,,,,,,,,,,,,,,,,,center,Keterjangkauan Buruk
88,way/387636345,way/387636345,,,,DKI Jakarta,,,,Gajah Mada Plaza,"110",,"10130",,,,Jalan Gajah Mada,,,,,,,,,,,,,,,yes,,,"8",,,,,,,,,,,,,,,,,,,,,,,,,,,,,,,Gajah Mada Plaza,,,,,,Mo-Su 10:00-22:00,,Lippo Group,,,,,,,,,,,,,,,,,,,,,,,,,,,"+62 21 6385 8888;+62 21 633 6866",,,,mall,,,,,,,,,,,,,https://www.lippomalls.com/mall/Gajah-Mada-Plaza,,,,,,,center,Keterjangkauan Baik
89,way/389523270,way/389523270,,,,Jakarta Timur,,,,Arion Mall,kav. 3-4,,"13220",,,,"Jalan Pemuda, Rawamangu",,,,,,,,,,,,,,,yes,,,"5",,,,,,,,,,,,,,,,,,,,,,,,,,,,,,,Arion Mall,,,,,,,,PT. Artha Madyafam,,,,,,,,,,,,,,,,,,,,,,,,,,,"+62 21 4711 652, +62 21 4711 658",,,,mall,,,,1990-12-18,,,,,,,,,www.arionparamita.co.id,,,,,,,center,Keterjangkauan Baik
90,way/391402193,way/391402193,,,Jalan Darmawangsa VI,,,,Jalan Dharmawangsa IX,Darmawangsa Square The City Walk,"14",,,,,,Jalan Darmawangsa IX,,,,,,,yes,,,,,,,,retail,good,ceramics,"4",,,tin,confined_masonry,,brick,>500,,,,,,,,,,,,,,,,,,,,,,,,The Dharmawangsa Square,,,,,,,,PT. Megah Agung Lestari,,,,,,,,,,,,,,,,,,,,,,,,,,,"+62 21 720 5066,+62 21 7278 7250",,,,mall,,,,2003-08-23,,,yes,permissive,,,,,www.darmawangsasquare.com,,,,,,,center,Keterjangkauan Baik
91,way/391479713,way/391479713,,no,,,,,,ITC Fatmawati,"39",,"12150",,,,Jalan RS. Fatmawati Raya,,,,,,,no,,,,,,,,mall,good,ceramics,"3",,,tin,confined_masonry,,brick,250-500,,,,,,,,,,,,,,,,,,,,,,,,ITC Fatmawati,,,,,,,,PT. Duta Pertiwi,,,,,,,,,,,,,,,,,,,,,,,,,,,"+62 21 7279 0888, +62 21 7279 6020",,,,mall,,,,,,,,,,,,,,,,,,,,center,Keterjangkauan Buruk
92,way/391490309,way/391490309,,,,Jakarta Timur,,,,Mahaka Square,"3",,,,,,"Jalan Raya Kelapa Nias Blok HF, Kelapa Gading",,,,,,,,,,,,,,,yes,,,"4",,,,,,,,,,,,,,,,,,,,,,,,,,,,,,,Mahaka Square,,,,,,,,PT. Gamma Investa Lestari,,,,,,,,,,,,,,,,,,,,,,,,,,,"+62 21 2850 7788, +62 21 2850 7505",,,,mall,,,,,,,,,,,,,,,,,,,,center,Keterjangkauan Baik
93,way/391510441,way/391510441,,,,Jakarta Utara,,,,Mall Kelapa Gading,,,"14240",,,,Jalan Boulevard Kelapa Gading Blok M Kelapa Gading Permai,,,,,,,,,,,,,,,yes,,,"6",,,,,,,,,,,,,,,,,,,,,,,,,,,,,,,Mall Kelapa Gading,,,,,,,,"PT. Summarecon Agung,Tbk",,,,,,,,,,,,,,,,,,,,,,,,,,,"+62 21 4531 101, +62 21 4531 305",,,,mall,,,,1990-04-24,,,,,,,,,https://www.malkelapagading.com/,,Q2130970,,id:Summarecon Mall Kelapa Gading,,,center,Keterjangkauan Baik
94,way/391511052,way/391511052,,,,Jakarta Pusat,,,,Mangga Dua Square,"1",,"14420",,,,Jalan Gunung Sahari XI,,,,,,,,,,,,,,,retail,,,"12",,,,,,,,,,,,,,,,,,,,,,,,,,,,,"-2",,Mangga Dua Square,Black Lotus Media Studio,,,,,Mo-Su 01:00-21:00,,PT. Mandiri Dipta Cipta,,,,,,,,,,,,,,,,,,,,,,,,,,,"+6281388713737",,,,mall,,,,,,,,,,,,,https://nublink-fx-technology.webs.com/,,,,,,,center,Keterjangkauan Baik
95,way/391516115,way/391516115,,,,Jakarta Pusat,,,,Teras Benhil,"34",,,,,,Jl. Bendungan Hilir Raya,,,,,,,,,,,,,,,yes,,,"4",,,,,,,,,,,,,,,,,,,,,"12",,,,,,,,,,Teras Benhil,,,,,,,,PT. Lyperni Jaya,,,,,,,,,,,,,,,,,,,,,,,,,,,"+62 21 2901 7377, +62 21 2901 7366",,,,mall,,,,,,,,,,,,,,,,,,,,center,Keterjangkauan Baik
96,way/398229401,way/398229401,,,,,,,,,,,,,,,,,,,,,,,,,,,,,,yes,,,,,,,,,,,,,,,,,,,,,,,,,,,,,,,,,,Cibubur Square,,,,,,,,,,,,,,,,,,,,,,,,,,,,,,,,,,,,,,,mall,,,,,,,,,,,,,,,,,,,,center,Keterjangkauan Buruk
97,way/442212867,way/442212867,,,,Jakarta,,,,,,,"10730",,,,Jalan Mangga Dua,,,,,,,,,,,,,,,retail,,,,,,,,,,,,,,,,,Electronics & Computer Mall,,,,,,,,,,,,,,,,,Harco Mangga Dua,,,,,,Mo-Su 09:00-19:00,,,,,,,,,,,,,,,,,,,,,,,,,,,,,,,,,mall,,,,,,,,,,,,,,,,,,,,center,Keterjangkauan Baik
98,way/447136631,way/447136631,,,,South Jakarta,,,,,"1",,"12450",,,,Jalan RS Fatmawati,,,,,mall,,,,,,,,,,commercial,,,"4",,,,,,,,,,,,,,,,,,,,,,,,,,,,,,,One Belpark Mall,,,,,,,,,,,,,,,,,,,,,,,,,,,,,,,,,,,,,flat,,mall,,outside,,,,,,,,,,,,,,,,,,center,Keterjangkauan Buruk
99,way/455241403,way/455241403,,,,Jakarta Selatan,,,,Kalibata City Square,"1",,"12750",,,,Jalan Kalibata Raya,,,,,,,,,,,,,,,yes,,,"2",,,,,,,,,,,,,,,,,,,,,,,,,,,,,,,Kalibata City Square,,,,,,Mo-Su 10:00-22:00,,PT. Pradani Sukses Abadi,,,,,,,,,,,,,,,,,,,,,,,,,,,"+62 21 7975 111, +62 21 7994 880",,,,mall,,,,,,,,,,,,,,,,,,,,center,Keterjangkauan Baik
100,way/463407970,way/463407970,,,,DKI Jakarta,,,,,Kav. 28,,"11470",,,,Jalan Letjen S Parman,,,,,,,,,,,,,,,commercial,,,"9",,,,,,,,,,,,,,,,,,,,,,,,,,,,,,,Central Park Mall 2,,,,,Neo Soho Mall,Mo-Su 10:00-22:00,,Agung Podomoro Land,,,,,,,,,,,,,,,,,,,,,,,,,,,,,,,mall,,,,"2017",,,,,,,,,https://www.centralparkjakarta.com/,,,,,,,center,Keterjangkauan Baik
101,way/481725779,way/481725779,,,,Jakarta Timur,,Cempaka Putih,,,,,"10640",DKI Jakarta,,,Jalan Letnan Jenderal Suprapto,Sumur Batu,,,,,,,,,,,,,,yes,,,,,,,,,,,,,,,,,,,,,,,,,,,,,,,,,,Holland Village,,,,,,,,,,,,,,,,,,,,,,,,,,,,,,,,,,,,,,,mall,,,,,,,,,,,,,,,,,,,,center,Keterjangkauan Baik
102,way/481734017,way/481734017,,,,DKI Jakarta,,,,,"4",,"10330",DKI Jakarta,,,Jalan Cikini Raya,,,,,,,,,,,,,,,commercial,,,,,,,,,,,,,,,,,,,,,,,,,,,,,,,,,,Menteng Huis,,,,,,,,,,,,,,,,,,,,,,,,,,,,,,,,,,,,,,,mall,,,,,,,,,,,,,,,,,,,,center,Keterjangkauan Baik
103,way/481794040,way/481794040,,,,West Jakarta,,,,,No.2,,"11610",,,,Jalan Puri Kembangan Blok Q,,,,,,,,,Puri Indah,,,,Q217599,,,,,,,,,,,,,,,,,,,,,,,,,,,,,,,,,,,,Puri Indah Mall 2,,,,,,,,Antilope Madju Puri Indah,,,,,,,,,,,,,,,,,,,,,,,,,,,,,,,mall,,,,,,,,,,,,,,,,,,,,center,Keterjangkauan Buruk
104,way/482821247,way/482821247,,,,"Menteng, Central Jakarta",,,,,,,"10330",,,,Jl. Pengangsaan Timur Raya,,,,,,,,,,,,,,,yes,,,,,,,,,,,,,,,,,,,,,,,,,,,,,,,,,,Cikini Gold Center,,,,,,,,,,,,,,,,,,,,,,,,,,,,,,,,,,,,,,,mall,,,,,,,,,,,,,,,,,,,,center,Keterjangkauan Baik
105,way/482882608,way/482882608,,,,,,,,,,,,,,,,,,,,,,,,,,,,,,retail,,,,,,,,,,,,,,,,,,,,,,,,,,,,,,,,,,Aeon Mall,,,,,,"PH,Mo-Su 10:00-21:00",,,,,,,,,,,,,,,,,,,,,,,,,,,,,,,,,mall,,,,,,,yes,,,,,,,,,,,,,center,Keterjangkauan Baik
106,way/483395918,way/483395918,,,,,,,,,,,,,,,"CBD Mega Kuningan, Jalan Prof. Dr. Satrio Kav. E.1.3, Kecamatan Setiabudi, Jakarta Selatan",,,,,,,,,,,,,,,,,,,,,,,,,,,,,,,,This lifestyle center with the concept of breathing space occupies an area of 3.8 hectares.,,,,,,,,,,,,,,retail,,,One Satrio,,,,,,,,PT Jakarta Setiabudi Internasional,,,,,,,,,,,,,,,,,,,,,,,,,,,"+62215220568",,,,mall,,,,2022-12-12,,,,,,,,,https://onesatrio.com/,,,,,,,center,Keterjangkauan Baik
107,way/484853406,way/484853406,,,,,,,,,,,,,,,,,,,,,,,,,,,,,,yes,,,,,,,,,,,,,,,,,,,,,,,,,,,,,,,,,,Plaza Adorama,,,,,,,,,,,,,,,,,,,,,,,,,,,,,,,,,,,,,,,mall,,,,,,,,,,,,,,,,,,,,center,Keterjangkauan Baik
108,way/489332606,way/489332606,,,,,,,,,,,,,,,,,,,,,,,,,,,,,,mall,,,"30",,,,,,,,,,,,,,,,,,,,,,,,,,,,,,,Seasons City,,,,,,,,,,,,,,,,,,,,,,,,,,,,,,,,,,,,,,,mall,,,,"2011",,,,,,,,,,,,,,,,center,Keterjangkauan Baik
109,way/491537587,way/491537587,,,,DKI Jakarta,,,Jalan Kemang I B,,,,,,,,,,,,,,,,,,Lotte Department Store,,,Q489905,,supermarket,good,ceramics,"4",,,concrete,confined_masonry,,brick,100-250,,,,,,,,,,,,,,,,,,,,,,,,Lotte Department Store,,,,,,,,,,,,,,,,,,,,,,,,,,,,,,,,,,,,,,,department_store,,,HOT_InAWARESurvey_2017,,,,,,,,,,,,,,,,,center,Keterjangkauan Buruk
110,way/492067198,way/492067198,,no,,DKI Jakarta,,,Jalan Raya Bogor,,,,,,,,,,,,,,,yes,,,,,,,,mall,good,ceramics,"4",,,concrete,confined_masonry,,concrete,lebih dari 500,,,,,,,,,,,,,,,,,,,,,,,,Ramayana,,,,,,,,,,,,,,,,,,,,,,,,,,,,,,,,,,,,,,,mall,,,HOT_InAWARESurvey_2017,,,,,,,,,,,,,,,,,center,Keterjangkauan Baik
111,way/493624223,way/493624223,,yes,,DKI Jakarta,,,,Puri Indah Mall,,,"11610",,,,"Jalan Puri Agung Puri Indah, Jakarta Barat",,,,,,,yes,,,,,,,,yes,good,ceramics,"3",,,concrete,confined_masonry,,brick,,,,,,,,,,,,,,,,,,,,,,,,,Puri Indah Mall,,,,,,10:00-22:00,,PT. Antilope Madju Puri Indah,,,,,,,,,,,,,,,,,,,,,,,,,,,+62 21 5822 582,,,,mall,,,,1997-09-01,,,,,,,,,,,,,,,,center,Keterjangkauan Buruk
112,way/494066797,way/494066797,,,,West Jakarta,,,,,"No.1, RT.10/RW.10",,"11450",,,,Jalan Kyai Tapa,,,,,,,,,,,,,,,yes,,,,,,,,,,,,,,,,,,,,,,,,,,,,,,,,,,Roxy Square,,,,,,"08:00-17:00",,,,,,,,,,,,,,,,,,,,,,,,,,,,,+62 21 5695 3500,,,,mall,,,,,,,,,,,,,,,,,,,,center,Keterjangkauan Baik
113,way/498513737,way/498513737,,,,"Sunter, North Jakarta",,,,,,,"14350",,,,Jalan Griya Utama,,,,,,,,,,,,,,,yes,,,,,,,,,,,,,,,,,,,,,,,,,,,,,,,,,,Food Centrum,,,,,,,,,,,,,,,,,,,,,,,,,,,,,,,,,,,,,,,mall,,,,,,,,,,,,,,,,,,,,center,Keterjangkauan Baik
114,way/498717449,way/498717449,,,,,,,,,,,,,,,,,,,,,,,,,,,,,,commercial,,,"6",,,,,,,,,,,,,,,,,,,,,,,,,,,,,,,Élysee,,,,,,,,,,,,,,,,,,,,,,,,,,,,,,,,,,,,,,,mall,,,,,,,,,,,,,,,,,,,,center,Keterjangkauan Baik
115,way/506711807,way/506711807,,,,,,,,,,,,,,,,,,,Beach City International Stadium,,,,,,,,,,,commercial,,,,,,,,,,,,,,,,,,,,,,,,,,,,,,,,,,Ancol Beach City Mall,,,,,,"Mo-Th 10:00-21:00; Fr-Su 10:00-22:00",,,,,,,,,,,,,,,,,,,,,,,,,,,,,+62 821 3600 9600,,,,mall,BCIS,,,,,,,,,,,,https://beachcityjakarta.com,,,,,,,center,Keterjangkauan Baik
116,way/508303805,way/508303805,,,,Jakarta Timur,,,,Cibubur Junction,"1",,"13720",,,,Jalan Jambore Raya,,Cibubur,yes,,,,,,,,,,,,mall,,,"5",,,,,,,,,,,,,,,,,,,,,,,,,,,,,,,Cibubur Junction,,,,,,Mo-Su 10:00-22:00,,Lippo Group,,,,,,,,,,,,,,,,,,,,,,,,,,,"+62 21 877 55 678;+62 21 873 3339",,,,mall,,,,2005-07-28,,,,,,,,,,,,,,,,center,Keterjangkauan Buruk
117,way/510172679,way/510172679,,no,,DKI Jakarta,,,,,,,,,,,Jalan Lingkar Luar Selatan Nomer 6,,,,,,,yes,,,,,,,,yes,good,ceramics,"3",,,asbestos,reinforced_masonry,,brick,lebih dari 500,,,,,,,,,,,,,,,,,,,,,,,,Lotte Mart,,,,,,,,,,,,,,,,,,,,,,,,,,,,,,,,,,,,,,,mall,,,,,,,,,,,,,,,,,,,,center,Keterjangkauan Baik
118,way/511934520,way/511934520,,,,Central Jakarta,,,,,No. 6 Kav B6,,"10610",,,,Jl. Angkasa,,,,,,,,,,,,,,,retail,,,"10",,,,,,,,,,,,,,,,,,,,,,,,,,,,,,,Mega Glodok Kemayoran,,,,,,,,,,,,,,,,,,,,,,,,,,,,,,,,,,,,,,,mall,,,,"2006",,,,,,,,,,,,,,,,center,Keterjangkauan Baik
119,way/512512203,way/512512203,,,,DKI Jakarta,,,,,,,"13470",,,,Jalan I Gusti Ngurah Rai,,,,,,,,,,,,,,,mall,,,,,,,,,,,,,,,,,,,,,,,,,,,,,,,,,,Citra Mall Klender,,,,,,,,,,,,,,,,,,,,,,,,,,,,,,,,,,,,,,,mall,,,,,,,,,,,,,,,,,,,,center,Keterjangkauan Baik
120,way/512873522,way/512873522,,,,DKI Jakarta,,,,,Kav 4-5,,"12940",,,,Jalan Prof. Dr. Satrio,,,yes,Mall Ciputra World Jakarta,,,,,,,,,,,yes,,,,,,,,,,,,,,,lottemall_jkt,,,,,,,,,,,,,,,,,,,Lotte Mall,,,,,Lotte Shopping Avenue,,,,,,,,,,,,,,,,,,,,,,,,,,,,,,,,,,mall,,,,"2015",,,,,,,,,https://www.lotteavenue.co.id,,Q19724923,,en:Ciputra World Jakarta,Ciputra World Jakarta,,center,Keterjangkauan Baik
121,way/516775412,way/516775412,,no,,,,,Jalan Melawai Raya,,,,,,,,,,,,,,,yes,,,,,,,,mall,good,ceramics,"3",,,tin,confined_masonry,,brick,>500,,,,,,,,,,,,,,,,,,,,,,,,Melawai Plaza,,,,,,,,,,,,,,,,,,,,,,,,,,,,,,,,,,,,,,,mall,,,,,,,,,,,,,,,,,,,,center,Keterjangkauan Baik
122,way/516775418,way/516775418,,,,DKI Jakarta,,,,,"2",,"12160",,,,Jalan Iskandarsyah II,,,,,,,,,,,,,,,retail,,,"7",,,,,,,,,,,,,,,,,,,,,,,,,,,,,,,Pasaraya Grande Blok M,,,,,,,,,,,,,,,,,,,,,,,,,,,,,,,,,,,,,,,mall,,,,,,,,,,,,,,,,,,,,center,Keterjangkauan Baik
123,way/516775426,way/516775426,,no,,,,,,,,,,,,,,,,,,,,yes,,,,,,,,retail,good,ceramics,"7",,,tin,confined_masonry,,brick,lebih dari 500,,,,,,,,,,,,,,,,,,,,,,,,Blok M Square,,,,,,Mo-Su 10:00-22:00,Mo-Sa 08:00-20:00,Agung Podomoro Land,,,,,,,,,,,,,,,,,,,,,,,,,,,,,,,mall,,,,,,,,,,,,,,,,,,,,center,Keterjangkauan Baik
125,way/521439410,way/521439410,,,,,,,,,,,,,,,,,,,,,,,,,,,,,,yes,,,,,,,,,,,,,,,,,,,,,,,,,,,,,,,,,,Bella Terra,,,,,,,,,,,,,,,,,,,,,,,,,,,,,,,,,,,,,,,mall,,,,"2017",,,,,,,,,,,,,,,,center,Keterjangkauan Baik
126,way/521678637,way/521678637,,,,,,,,,,,,,,,,,,,,,,,,,,,,,,yes,,,,,,,,,,,,,,,,,,,,,,,,,,,,,,,,,,Mall Metro Cipulir,,,,,,,,,,,,,,,,,,,,,,,,,,,,,,,,,,,,,,,mall,,,,,,,,,,,,,,,,,,,,center,Keterjangkauan Baik
127,way/524555664,way/524555664,,,,South Jakarta,,,,,"No.18, RT.6/RW.5",,"12230",,,,Jalan Ciledug Raya,,,,,,,,,,,,,,,mall,,,,,,,,,,,,,,,,,,,,,,,,,,,,,,,,,,ITC Cipulir,,,,,,,,,,,,,,,,,,,,,,,,,,,,,,,,,,,,,,,mall,,,,,,,,,,,,,,,,,,,,center,Keterjangkauan Buruk
128,way/524571822,way/524571822,,,,,,,,,,,,,,,,,,,,,,,,,,,,,,yes,,,"5",,,,,,,,,,,,,,,,,,,,,,,,,,,,,,,PIK Avenue,,,,,,Mo-Su 10:00-22:00,,,,,,,,,,,,,,,,,,,,,,,,,,,,,,,,,mall,,,,"2016",,,,,,,,,,yes,,,,,,center,Keterjangkauan Baik
129,way/529363078,way/529363078,,yes,,,,,Jalan Dermaga Muara Angke,,,,,,,,,,,,,,,,,,,,,,,yes,good,,"2",,,,,,,,,,,,,,,,,,,,,"6",,,,,,,,,,Tempat Pengepakan Ikan,,,,,,,,,,,,,,,,,,,,,,,,,,,,,,,,,,,,,,,department_store,,,,,,,,,,,,,,,,,,,,center,Keterjangkauan Baik
130,way/529377488,way/529377488,,yes,,,,,Jalan Mangga Dua Raya,,,,,,,,,,,,,,,no,,,,,,,,yes,good,ceramics,"5",,,concrete,confined_masonry,,concrete,>500,,,,,,,,,,,,,,,,,,,,,,,,Pasar Pagi Mangga Dua,,,,,,,,,,,,,,,,,,,,,,,,,,,,,,,,,,,,,,,mall,,,,,,,,,,,,,,,,,,,,center,Keterjangkauan Baik
131,way/529392697,way/529392697,,no,,Jakarta Utara,,,,,,,"14450",,,,"Jalan Pluit Karang Ayu 1 No.B1, RT.20/RW.2, Pluit, Penjaringan, Kota Jkt Utara, Daerah Khusus Ibukota Jakarta 14450",,,,,,,yes,,,,,,,,yes,,ceramics,"13",,,tin,confined_masonry,,,,,,,,,,,,,,,,,"56.3",,,,,,,,,,Baywalk Mall,,,,,,10:00-22:00,,PT. Kencana Unggul Sukses,,,,,,,,,,,,,,,,,,,,,,,,,,,"+62 21 2962 7999, +62 21 2962 7988",,,,mall,,,HOT_InAWARESurvey_2017,"2014",,,,,,,,,http://www.baywalkmall.com,,Q17999170,,id:Baywalk Pluit,,,center,Keterjangkauan Baik
132,way/538319726,way/538319726,,,,"Central Jakarta, Indonesia",,,,,,,"10350",,,,Jalan M. Haji Thamrin,,,yes,,,,,,,,,,,,yes,,,"6",,,,,,,,,,,,,,,,,,,,,,,,,,,,,"1",,Plaza Indonesia,,JadeLab Plaza Indonesia,,,,Mo-Su 10:00-22:00,,Sinarmas Land,,,,,,,,,,,,,,,,,,,,,,,,,,,,,,,mall,,,,,,,yes,,,,,,,yes,,,,,,center,Keterjangkauan Baik
133,way/539176312,way/539176312,,,,,,,,,,,,,,,,,,,,,,,,,,,,,,yes,,,,,,,,,,,,,,,,,,,,,,,,,,,,,,,,,,Mall Blok M,,,,,,,,,,,,,,,,,,,,,,,,,,,,,,,,,,,,,,,mall,,,,,,,,,,,,,,,,,,,,center,Keterjangkauan Baik
134,way/547850021,way/547850021,,,,,,,,,,,,,,,,,,,,,,,,,,,,,,retail,,,"4",,,,,,,,,,,,,,,,,,,,,,,,,,,,,,,Pondok Indah Mall 3,,,,,,,,"PT. Metropolitan Kencana, Tbk",,,,,,,,,,,,,,,,,,,,,,,,,,,,,,,mall,,,,,,,,,,,,,https://www.pondokindahmall.co.id,,,,,,,center,Keterjangkauan Baik
136,way/625889355,way/625889355,,,,,,,,,,,,,,,,,,,,,,,,,,,,,,yes,,,,,,,,,,,,,,,,,,,,,,,,,,,,,,,,,,Lippo Mall Puri 2,,,,,,Mo-Su 10:00-22:00,,Lippo Group,,,,,,,,,,,,,,,,,,,,,,,,,,,,,,,mall,,,,,,,,,,,,,,,,,,,,center,Keterjangkauan Buruk
137,way/625889357,way/625889357,,,,"Puri Kembangan, West Jakarta",,,,,Blok U 1,,"11610",,,,Jalan Puri Lingkar Luar,,,,,,,,,,,,,,,yes,,,,,,,,,,,,,,,,,,,,,,,,,,,,,,,,,,Lippo Mall Puri 1,,,,,,Mo-Su 10:00-22:00,,Lippo Group,,,,,,,,,,,,,,,,,,,,,,,,,,,,,,,mall,,,,"2017",,,,,,,,,,,,,,,,center,Keterjangkauan Buruk
138,way/754516405,way/754516405,,,,DKI Jakarta,,,,,,,,,,,Jalan Gerbang Pemuda,,,,,,,,,,,,,,,retail,,,"4",,,,,,,,,,,,,,,,,,,,,,,,,,,,,,,Senayan Park,,,,,,Mo-Su 10:00-22:00,,PT. Lippo Karawaci Tbk,,,,,,,,,,,,,,,,,,,,,,,,,,,,,,,mall,Spark,,,,,,,,,,,,https://senayanpark.com/,,,,,,,center,Keterjangkauan Baik
139,way/780563902,way/780563902,,,,Jakarta Selatan,,,,,"163",,"12530",,,,Jalan Raya Tj. Barat,,,,,,,,,,,,,,,yes,,,"6",,,,,,,,,,,,,,,,,,,,,,,,,,,,,"1",,ÆON Mall,,,,,,Mo-Su 10:00-22:00,,Sinarmas Land,,,,,,,,,,,,,,,,,,,,,,,,,,,"+622150959888",,,,mall,,,,"2020",,,,,,,,,https://aeonmall-tanjungbarat.com,,Q11286068,,id:ÆON Mall,,,center,Keterjangkauan Baik
140,way/812921901,way/812921901,,,,,,,,,,,,,,,,,,,,,,,,,,,,,,industrial,,,,,,,,,,,,,,,,,,,,,,,,,,,,,,,,,,Wang Plaza Kedoya,,,,,,,,,,,,,,,,,,,,,,,,,,,,,,,,,,,,,,,mall,,,,,,,,,,,,,,,,,,,,center,Keterjangkauan Baik
141,way/881967800,way/881967800,,,,,,,,,,,,,,,,,,,Bassura City Mall,,,,,,,,,,,commercial,,,"8",,,,,,,,,,,,,,,,,,,,,"32.5",,,,,,,,,,Mall@Bassura,,,,,,,,,,,,,,,,,,,,,,,,,,,,,,,,,,,,,,,mall,,,,"2016",,,,,,,,,,,,,,,,center,Keterjangkauan Baik
143,way/974882100,way/974882100,,,,,,,,,,,,,,,,,,,,,,,,,,,,,,yes,,,,,,,,,,,,,,,,,,,,,,,,,,,,,,,,,,Grand Indonesia Shopping Town,,,,,,Mo-Su 10:00-22:00,,,,,,,,,,,,,,,,,,,,,,,,,,,,,,,,,mall,,,,,,,,,,,,,,yes,Q5594677,Category:Grand Indonesia,en:Grand Indonesia Shopping Town,,,center,Keterjangkauan Baik
144,way/1075721000,way/1075721000,,,,,,,,,,,,,,,,,,,,,,,,,,,,,,commercial,,,,,,,,,,,,,,,,,,,,,,,,,,,,,,,,,,Green Pramuka Square,,,,,,10:00-22:00,,Green Pramuka City,,,,,,,,,,,,,,,,,,,,,,,,,,,,,,,mall,,,,,,,,,,,,,http://www.greenpramukasquare.com/,,,,,,,center,Keterjangkauan Baik
145,way/1081176789,way/1081176789,,,,,,,,,,,,,,,,,,,,,,,,,,,,,,yes,,,"26",,,,,,,,,,,,,,,,,,,,,,,,,,,,,,,Green Sedayu Mall,,,,,,Mo-Su 10:00-22:00,,Agung Sedayu Group,,,,,,,,,,,,,,,,,,,,,,,,,,,,,,,mall,,,,"2020",,,,,,,,,,,,,,,,center,Keterjangkauan Buruk
146,way/1098147938,way/1098147938,,,,Jakarta Barat,,,,,"2",,,,,,Jalan Tanjung Duren Timur,,,yes,,,,,,,,,,,,yes,,,"2",,,,,,,,,2023/10/11,,hublife_jakarta,hublifejakarta,,,,,,,,,,,,,,,,,,,Hublife,,,,,,Mo-Su 10:00-20:00,,ASRI (Agung Sedayu Group),,,,,,,,,,,,,,,,,,,,,,,,,,,,,,,mall,,,,,,,yes,,,,,,,,,,,,,center,Keterjangkauan Baik
147,way/1113270959,way/1113270959,,,,,,,,,,,,,,,,,,,,,,,,,,,,,,,,,,,,,,,,,,,,,,,,,,,,,,,,,,,,,,,,By The Sea Shopping Mall at Golf Island PIK,,,,,,,,,,,,,,,,,,,,,,,,,,,,,,,,,,,,,,,mall,,,,,,,,,,,,,,,,,,,,center,Keterjangkauan Buruk
148,way/1115929347,way/1115929347,,,,,,,,,,,,,,,,,,,,,,,,,,,,,,yes,,,,,,,,,,,,,,,,,,,,,,,,,,,,,,,,,,Grand Paragon,,,,,,,,,,,,,,,,,,,,,,,,,,,,,,,,,,,,,,,mall,,,,,,,,,,,,,,,,,,,,center,Keterjangkauan Buruk
149,way/1156109444,way/1156109444,,,,Jakarta Pusat,,Kemayoran,,Menara Jakarta at Kemayoran,C-8,,"10610",Jakarta,,,Jalan Menara Angkasa Raya,Gunung Sahari Selatan,,,K Mall at Menara Jakarta,,,,,,,,,,,commercial,,,"4",,,,,,,,,,,,,,,,,,,,,,,,,,,,,,,K Mall,,,,,,Mo-Su 10:00-22:00,,Agung Sedayu Retail Indonesia,,,,,,,yes,yes,,yes,,,,,,,,,,yes,,,,,,,"+622150918889",,,,mall,,,,,,,,,,,,,https://kmall.co.id/,,Q136768547,,,,,center,Keterjangkauan Baik
150,way/1219363049,way/1219363049,,,,"Kemang, South Jakarta",,,,,,,"12730",,,,Kemang VillageJl. Pangeran Antasari No.36,,,,,,,,,,,,,,,commercial,,,"10",,,,,,,,,,,,,,,,,,,,,,,,,,,,,,,Lippo Mall Kemang,,,,,,,,,,,,,,,,,,,,,,,,,,,,,,,,,,,,,,,mall,,,,,,,,,,,,,,,,,,,,center,Keterjangkauan Buruk
151,way/1335089498,way/1335089498,,,,,,,,,,,,,,,,,,,,,,,,,,,,,,yes,,,"23",,,,,,,,,,,,,,,,,,,,,,,,,,,,,,,MTen / Menara Tendean,,,,,,,,,,,,,,,,,,,,,,,,,,,,,,,,,,,,,,,mall,,,,"2021",,,,,,,,,,,,,,,,center,Keterjangkauan Buruk
152,way/1429863466,way/1429863466,,,,Jakarta Barat,,Taman Sari,,,,,,DKI Jakarta,,,Jalan Labu,,,,,,,,,,,,,,,yes,,,,,,,,,,,,,,,,,,,,,,,,,,,,,,,,,,Plaza Jayakarta,,,,,,,,Pudjiadi Prestige,,,,,,,,,,,,,,,,,,,,,,,,,,,,,,,mall,,,,1983-01-18,,,,,,,,,,,,,,,1980..1982,center,Keterjangkauan Baik
153,node/4146450482,node/4146450482,,,,"Petojo Utara, Gambir, Central Jakarta",,,,,No. 19 - 26,,"10130",,,,Jalan Gajah Mada,,,,,,,,,,,,,,,,,,,,,,,,,,,,,,,,,,,,,,,,,,,,,,,,,Gajah Mada Plaza (Main Entrance),,,,,,,,,,,,,,,,,,,,,,,,,,,,,,,,,,,,,,,mall,,,,,,,,,,,,,,,,,,,,,Keterjangkauan Baik
155,node/4148241807,node/4148241807,,,,"RT.13/RW.8, West Jakarta",,,,,"No.126, RT.13/RW.8",,"11130",,,,Jl. Gajahmada No.126,,,,,,,,,,,,,,,,,,,,,,,,,,,,,,,,,,,,,,,,,,,,,,,,,Grand Paragon,,,,,,,,,,,,,,,,,,,,,,,,,,,,,,,,,,,,,,,mall,,,,,,,,,,,,,,,,,,,,,Keterjangkauan Baik
157,node/4148556005,node/4148556005,,,,"East Kuningan, Central Jakarta",,,,,No.3,,"12950",,,,Jalan Mega Kuningan Barat III,,,,,,,,,,,,,,,,,,,,,,,,,,,,,,,,,,,,,,,,,,,,,,,,,Bellagio Boutique Mall,,,,,,,,,,,,,,,,,,,,,,,,,,,,,,,,,,,,,,,mall,,,,,,,,,,,,,,,,,,,,,Keterjangkauan Baik
159,node/4148837498,node/4148837498,,,,West Jakarta,,,,,No. 33,,"11320",,,,"Jl. Prof. Dr. Latumenten, Jembatan Besi, Tambora, Daerah Khusus Ibukota Jakarta",,,,,,,,,,,,,,,,,,,,,,,,,,,,,,,,,,,,,,,,,,,,,,,,,Seasons City (Main Entrance),,,,,,,,,,,,,,,,,,,,,,,,,,,,,,,,,,,,,,,mall,,,,,,,,,,,,,,,,,,,,,Keterjangkauan Baik
160,node/4150281840,node/4150281840,,,,East Jakarta,,,,,RT.6/RW.12,,"13330",,,,Jalan Letnan Jenderal MT Haryono,,,,,,,,,,,,,,,,,,,,,,,,,,,,,,,,,,,,,,,,,,,,,,,,,M.T. Haryono Square,,,,,,,,,,,,,,,,,,,,,,,,,,,,,,,,,,,,,,,mall,,,,,,,,,,,,,,,,,,,,,Keterjangkauan Baik
162,node/4150442843,node/4150442843,,,,Central Jakarta,,,,,,,"10210",,,,JL. KH. Samanhudi,,,,,,,,,,,,,,,,,,,,,,,,,,,,,,,,,,,,,,,,,,,,,,,,,Pasar Jaya. PD,,,,,,,,,,,,,,,,,,,,,,,,,,,,,,,,,,,,,,,mall,,,,,,,,,,,,,,,,,,,,,Keterjangkauan Buruk
165,node/4150995836,node/4150995836,,,,South Jakarta,,,,,,,"12940",,,,Jalan Hajjah R. Rasuna Said,,,,,,,,,,,,,,,,,,,,,,,,,,,,,,,,,,,,,,,,,,,,,,,,,"Plaza Kuningan, Menara Selatan",,,,,,,,,,,,,,,,,,,,,,,,,,,,,,,,,,,,,,,mall,,,,,,,,,,,,,,,,,,,,,Keterjangkauan Baik
166,node/4152512520,node/4152512520,,,,"Kalideres ,West Jakarta",,,,,,,"11840",,,,Jl. Daan Mogot Km. 16,,,,,,,,,,,,,,,,,,,,,,,,,,,,,,,,,,,,,,,,,,,,,,,,,Mall Daan Mogot,,,,,,,,,,,,,,,,,,,,,,,,,,,,,,,,,,,,,,,mall,,,,,,,,,,,,,,,,,,,,,Keterjangkauan Baik
168,node/4152540737,node/4152540737,,,,North Jakarta,,,,,RT.18/RW.5,,"14310",,,,Jl. Danau Sunter Barat,,,,,,,,,,,,,,,,,,,,,,,,,,,,,,,,,,,,,,,,,,,,,,,,,Maple Park,,,,,,,,,,,,,,,,,,,,,,,,,,,,,,,,,,,,,,,mall,,,,,,,,,,,,,,,,,,,,,Keterjangkauan Baik
169,node/4152690689,node/4152690689,,,,"Kelapa Gading, North Jakarta",,,,,Blok M,,"14240",,,,Jl. Bulevar Kelapa Gading,,,,,,,,,,,,,,,,,,,,,,,,,,,,,,,,,,,,,,,,,,,,,,,,,La Piazza,,,,,,,,,,,,,,,,,,,,,,,,,,,,,,,,,,,,,,,mall,,,,,,,,,,,,,,,,,,,,,Keterjangkauan Buruk
176,node/4244014955,node/4244014955,,,,"Kebayoran Baru, South Jakarta",,,,,"2",,"12160",,,,Jalan Sultan Iskandarsyah 2,,,,,,,,,,,,,,,,,,,,,,,,,,,,,,,,,,,,,,,,,,,,,,,,,Pasaraya,,,,,,,,,,,,,,,,,,,,,,,,,,,,,,,,,,,,,,,mall,,,,,,,,,,,,,,,,,,,,,Keterjangkauan Baik
177,node/4248163887,node/4248163887,,,,"Pademangan, North Jakarta",,,,,"93",,"14430",,,,Jl. Gerbang Ancol,,,,,marketplace,,,,,,,,,,,,,,,,,,,,,,,,,,,,,,,,,,,,,,,,,,,,Pasar Seni Ancol,,,,,,,,,,,,,,,,,,,,,,,,,,,,,,,,,,,,,,,,,,,,,,,,,,,,,,,,,,,,Keterjangkauan Baik
178,node/4248182973,node/4248182973,,,,West Jakarta,,,,,,,"11170",,,,Jalan Mangga Besar Raya,,,,,marketplace,,,,,,,,,,,,,,,,,,,,,,,,,,,,,,,,,,,,,,,,,,,,Pasar Jembatan Merah,,,,,,,,,,,,,,,,,,,,,,,,,,,,,,,,,,,,,,,,,,,,,,,,,,,,,,,,,,,,Keterjangkauan Buruk
179,node/4248212168,node/4248212168,,,,central Jakarta,,,,,,,"10720",,,,Jalan Industri Raya,,,,,marketplace,,,,,,,,,,,,,,,,,,,,,,,,,,,,,,,,,,,,,,,,,,,,Pasar Mobil Kemayoran,,,,,,,,,,,,,,,,,,,,,,,,,,,,,,,,,,,,,,,,,,,,,,,,,,,,,,,,,,,,Keterjangkauan Baik
182,node/4307243591,node/4307243591,,,,,,,,,,,,,,,,,,,,,,,,,,,,,,,,,,,,,,,,,,,,,,,,,,,,,,,,,,,,,,,,Tanah Abang Market,Pasar Tanah Abang Pintu,,,,,,,,,,,,,,,,,,,,,,,,,,,,,,,,,,,,,,department_store,,,,,,,,,,,,,,,,,,,,,Keterjangkauan Baik
183,node/5068211209,node/5068211209,,,,Central Jakarta,,,,,,,"14240",,,,Jl. Boulevard Kelapa Gading,,,,,,,,,,,,,,,,,,,,,,,,,,,,,,,,,,,,,,,,,,,,,,,,,Kelapa Gading Mall 3,,,,,,,,,,,,,,,,,,,,,,,,,,,,,,,,,,,,,,,mall,,,,,,,,,,,,,,,,,,,,,Keterjangkauan Buruk
185,node/5840893286,node/5840893286,,,,,,,,,,,,,,,,,,,,,,,,,METRO,,,Q13610282,,,,,,,,,,,,,,,,,,,,,,,,,,,,,,,,,,,,METRO,Metro,,,,,,,,,,,,,,,,,,,,,,,,,,,,,,,,,,,,,,wholesale,,,,,,,,,,,,,,,,,,,,,Keterjangkauan Baik
188,node/9555672917,node/9555672917,,,,,,,,,,,,,,,,,,,,,,,,,,,,,,,,,,,,,,,,,,,,,,,,,,,,,,,,,,,,,,,,Prada Menteng Mall,,,,,,,,,,,,,,,,,,,,,,,,,,,,,,,,,,,,,,,mall,,,,,,,,,,,,,,,,,,,,,Keterjangkauan Baik
189,node/9728504528,node/9728504528,,,,,,,,,,,,,,,,,,,,,,,,,,,,,,,,,,,,,,,,,,,,,,,,,,,,,,,,,,,,,,,,Trade Mall Harco Glodok,,,,,,,,,,,,,,,,,,,,,,,,,,,,,,,,,,,,,,,mall,,,,,,,,,,,,,,,,,,,,,Keterjangkauan Baik
190,node/9728578603,node/9728578603,,,,,,,,,,,,,,,,,,,,,,,,,,,,,,,,,,,,,,,,,,,,,,,,,,,,,,,,,,,,,,,,Citywalk Gajah Mada,,,,,,,,,,,,,,,,,,,,,,,,,,,,,,,,,,,,,,,mall,,,,,,,,,,,,,,,,,,,,,Keterjangkauan Baik
191,node/9755222519,node/9755222519,,,,,,,,,,,,,,,,,,,,,,,,,,,,,,,,,,,,,,,,,,,,,,,,,,,,,,,,,,,,,,,,Ashta District 8,,,,,,,,,,,,,,,,,,,,,,,,,,,,,,,,,,,,,,,mall,,,,,,,,,,,,,,,,,,,,,Keterjangkauan Baik
192,node/11575592949,node/11575592949,,,,,,,,,,,,,,,,,,,,,,,,,,,,,,,,,,,,,,,,,,,,,,,,,,,,,,,,,,,,,,,,Pintu Masuk Utama Pusat Grosir Metro Tanah Abang,,,,,,,,,,,,,,,,,,,,,,,,,,,,,,,,,,,,,,,mall,,,,,,,,,,,,,,,,,,,,,Keterjangkauan Baik
193,node/11780214539,node/11780214539,,,,,,,,,,,,,,,,,,,,,,,,,,,,,,,,,,,,,,,,,,,,,,,,,,,,,,,,,,,,,,,,Pondok Kelapa Town Square,,,,,,,,,,,,,,,,,,,,,,,,,,,,,,,,,,,,,,,mall,,,,,Superindo,,,,,,,,,,,,,,,,Keterjangkauan Buruk
194,node/11945113650,node/11945113650,,,,Jakarta Timur,,Makasar,,,"1",,"13650",DKI Jakarta,,,Jalan Taman Mini I,Pinang Ranti,,,,,,,,,,,,,,,,,,,,,,,,,,,,,,,,,,,,,,,,,,,,,,,,Travoy Hub,,,,,,Mo-Su 10:00-22:00,,"-",,,,,,,,,,,,,,,,,,,,,,,,,,,,,,,mall,,,,,,,,,,,,,,,,,,,,,Keterjangkauan Baik
195,node/12124292316,node/12124292316,,,,,,,,,,,,,,,,,,,,,,,,,,,,,,,,,,,,,,,,,,,,,,,Shopping mall in the Thamrin Nine complex and Autograph Tower,,,,,,,,,,,,,,,,,Agora Mall,,,,,,,,,,,,,,,,,,,,,,,,,,,,,,,,,,,,,,,mall,,,,,,,,,,,,,https://thamrinnine.com/en/#tar-building-features-02,,,,,,,,Keterjangkauan Baik
196,node/12164751801,node/12164751801,,,,,,,,,"43",,"11120",,,,Jalan Pancoran,,,,,marketplace,,,,,,,,,,,,,,,,,,,,,,,,,,,,,,,,,,,,,,,,,,,,Petak Enam,,,,,,Mo-Su 09:30-21:00,,,,no,,,,,,,,,,,,,,,,,,,,,,,,,,,,,,,,,,,,,,,,,,,,,,,,,,Keterjangkauan Baik
